File Name,Mesurement
Date,2026:02:10
Time,12:45:55
Type,Line
Number Points X,5
Number Points Y,5
Number Points per mesurement,65
Start Frequency, 0 DB
End Frequency, 100000 DB

f in DB,0,1538.46,3076.92,4615.38,6153.85,7692.31,9230.77,10769.2,12307.7,13846.2,15384.6,16923.1,18461.5,20000,21538.5,23076.9,24615.4,26153.8,27692.3,29230.8,30769.2,32307.7,33846.2,35384.6,36923.1,38461.5,40000,41538.5,43076.9,44615.4,46153.8,47692.3,49230.8,50769.2,52307.7,53846.2,55384.6,56923.1,58461.5,60000,61538.5,63076.9,64615.4,66153.8,67692.3,69230.8,70769.2,72307.7,73846.2,75384.6,76923.1,78461.5,80000,81538.5,83076.9,84615.4,86153.8,87692.3,89230.8,90769.2,92307.7,93846.2,95384.6,96923.1,98461.5
ID,0,1,2,3,4,5,6,7,8,9,10,11,12,13,14,15,16,17,18,19,20,21,22,23,24,25,26,27,28,29,30,31,32,33,34,35,36,37,38,39,40,41,42,43,44,45,46,47,48,49,50,51,52,53,54,55,56,57,58,59,60,61,62,63,64
[1;1] Real,0,0,0,0,0,0,0,0,0,0,0,0,0,0,0,0,0,0,0,0,0,0,0,0,0,0,0,0,0,0,0,0,0,0,0,0,0,0,0,0,0,0,0,0,0,0,0,0,0,0,0,0,0,0,0,0,0,0,0,0,0,0,0,0,0
[1;1] Imag,0,0,0,0,0,0,0,0,0,0,0,0,0,0,0,0,0,0,0,0,0,0,0,0,0,0,0,0,0,0,0,0,0,0,0,0,0,0,0,0,0,0,0,0,0,0,0,0,0,0,0,0,0,0,0,0,0,0,0,0,0,0,0,0,0
[1;2] Real,6.79039e-313,1.31273e-320,6.19878e-310,6.19878e-310,6.19878e-310,6.19878e-310,1.01856e-312,1.01856e-312,1.01856e-312,1.01856e-312,1.01856e-312,1.01856e-312,1.01856e-312,1.01856e-312,1.01856e-312,1.01856e-312,1.01856e-312,1.01856e-312,1.01856e-312,1.01856e-312,1.01856e-312,1.01856e-312,1.01856e-312,1.01856e-312,1.01856e-312,1.01856e-312,1.01856e-312,1.01856e-312,1.01856e-312,1.01856e-312,1.01856e-312,1.01856e-312,1.01856e-312,1.01856e-312,1.01856e-312,1.01856e-312,1.01856e-312,1.01856e-312,1.01856e-312,1.01856e-312,1.01856e-312,1.01856e-312,1.01856e-312,1.01856e-312,1.01856e-312,1.01856e-312,1.01856e-312,1.01856e-312,1.01856e-312,1.01856e-312,1.01856e-312,1.01856e-312,1.01856e-312,1.01856e-312,1.01856e-312,1.01856e-312,1.01856e-312,1.01856e-312,1.01856e-312,1.01856e-312,1.01856e-312,1.01856e-312,1.01856e-312,1.01856e-312,1.01856e-312
[1;2] Imag,0,2.03407e-320,6.79039e-313,1.31273e-320,6.19878e-310,6.19878e-310,6.19878e-310,6.19878e-310,1.01856e-312,1.01856e-312,1.01856e-312,1.01856e-312,1.01856e-312,1.01856e-312,1.01856e-312,1.01856e-312,1.01856e-312,1.01856e-312,1.01856e-312,1.01856e-312,1.01856e-312,1.01856e-312,1.01856e-312,1.01856e-312,1.01856e-312,1.01856e-312,1.01856e-312,1.01856e-312,1.01856e-312,1.01856e-312,1.01856e-312,1.01856e-312,1.01856e-312,1.01856e-312,1.01856e-312,1.01856e-312,1.01856e-312,1.01856e-312,1.01856e-312,1.01856e-312,1.01856e-312,1.01856e-312,1.01856e-312,1.01856e-312,1.01856e-312,1.01856e-312,1.01856e-312,1.01856e-312,1.01856e-312,1.01856e-312,1.01856e-312,1.01856e-312,1.01856e-312,1.01856e-312,1.01856e-312,1.01856e-312,1.01856e-312,1.01856e-312,1.01856e-312,1.01856e-312,1.01856e-312,1.01856e-312,1.01856e-312,1.01856e-312,1.01856e-312
[1;3] Real,0,0,1.03978e-312,2.03407e-320,6.19878e-310,6.19878e-310,6.19878e-310,6.19878e-310,1.61272e-312,1.14588e-312,1.1671e-312,1.01856e-312,1.20954e-312,9.54898e-313,1.03978e-312,9.33678e-313,9.76118e-313,1.03978e-312,1.1671e-312,1.46418e-312,1.08222e-312,1.01856e-312,1.14588e-312,1.03978e-312,1.18832e-312,1.18832e-312,9.54898e-313,1.03978e-312,9.33678e-313,9.76118e-313,1.20954e-312,1.1671e-312,1.46418e-312,1.08222e-312,1.01856e-312,1.14588e-312,1.03978e-312,1.18832e-312,1.18832e-312,9.54898e-313,1.03978e-312,9.33678e-313,9.76118e-313,1.20954e-312,1.1671e-312,1.46418e-312,1.08222e-312,1.01856e-312,1.03978e-312,1.01856e-312,1.18832e-312,1.14588e-312,9.54898e-313,1.03978e-312,9.33678e-313,9.76118e-313,1.03978e-312,1.12466e-312,1.46418e-312,1.08222e-312,1.061e-312,1.03978e-312,1.01856e-312,1.18832e-312,1.14588e-312
[1;3] Imag,2.29176e-312,1.93102e-312,2.122e-313,2.03407e-320,6.19878e-310,6.19878e-310,6.19878e-310,6.19878e-310,1.93102e-312,1.25198e-312,1.97346e-312,1.54906e-312,2.05834e-312,2.122e-313,1.08222e-312,1.10344e-312,6.79039e-313,2.14322e-312,2.29176e-312,1.93102e-312,1.25198e-312,1.97346e-312,1.54906e-312,2.05834e-312,2.122e-313,1.08222e-312,1.12466e-312,6.79039e-313,2.14322e-312,2.29176e-312,1.93102e-312,1.25198e-312,1.97346e-312,1.54906e-312,2.05834e-312,2.122e-313,1.10344e-312,1.03978e-312,6.79039e-313,2.14322e-312,2.29176e-312,1.93102e-312,1.25198e-312,1.97346e-312,1.54906e-312,2.05834e-312,2.122e-313,1.10344e-312,1.061e-312,6.79039e-313,2.14322e-312,2.29176e-312,1.93102e-312,1.25198e-312,1.97346e-312,1.54906e-312,2.05834e-312,2.122e-313,1.10344e-312,1.08222e-312,6.79039e-313,2.14322e-312,2.29176e-312,1.93102e-312,1.25198e-312
[1;4] Real,1.40052e-312,1.46418e-312,2.122e-312,1.4854e-312,2.14322e-312,2.48274e-312,2.3342e-312,2.56761e-312,6.79039e-313,1.01856e-312,1.01856e-312,1.01856e-312,1.44296e-312,2.122e-313,2.16444e-312,2.2281e-312,6.79039e-313,1.40052e-312,1.01856e-312,1.03978e-312,1.08222e-312,9.76118e-313,1.14588e-312,1.08222e-312,1.1671e-312,9.76118e-313,1.061e-312,1.10344e-312,1.03978e-312,9.76118e-313,1.18832e-312,1.14588e-312,1.12466e-312,9.76118e-313,1.12466e-312,1.1671e-312,1.20954e-312,9.76118e-313,1.03978e-312,1.20954e-312,1.08222e-312,9.76118e-313,1.1671e-312,1.03978e-312,1.1671e-312,1.20954e-312,1.061e-312,1.03978e-312,1.08222e-312,1.1671e-312,1.1671e-312,1.03978e-312,1.18832e-312,1.14588e-312,1.061e-312,1.03978e-312,1.08222e-312,1.10344e-312,1.14588e-312,1.03978e-312,1.20954e-312,1.08222e-312,1.03978e-312,1.03978e-312,1.10344e-312
[1;4] Imag,1.01856e-312,1.20954e-312,1.18832e-312,9.54898e-313,1.03978e-312,5.47079e-320,6.19878e-310,6.19878e-310,0,0,1.03978e-312,9.33678e-313,9.76118e-313,1.14588e-312,1.03978e-312,2.14322e-312,1.08222e-312,1.061e-312,1.03978e-312,1.01856e-312,1.061e-312,1.061e-312,9.54898e-313,1.03978e-312,9.33678e-313,9.76118e-313,1.03978e-312,1.12466e-312,2.14322e-312,1.08222e-312,1.061e-312,1.03978e-312,1.03978e-312,1.12466e-312,1.18832e-312,9.54898e-313,1.03978e-312,9.33678e-313,9.76118e-313,1.08222e-312,1.1671e-312,2.14322e-312,1.08222e-312,1.061e-312,1.03978e-312,1.03978e-312,1.18832e-312,1.061e-312,9.54898e-313,1.03978e-312,9.33678e-313,9.76118e-313,1.18832e-312,1.08222e-312,2.14322e-312,1.08222e-312,1.061e-312,1.20954e-312,1.12466e-312,1.18832e-312,1.18832e-312,9.54898e-313,1.03978e-312,9.33678e-313,9.76118e-313
[1;5] Real,6.32179e-43,6.56263e-43,1.02942e-71,4.25731e-86,3.55762e-62,7.41021e-38,3.66964e-62,2.17431e-76,1.24557e-47,8.54737e-72,8.22585e-67,2.4226e-52,1.30439e-76,1.65425e-47,8.24024e-67,5.59943e-67,1.31176e-71,1.17741e-47,8.54516e-72,1.89693e-52,1.10872e-47,3.67202e-62,1.08669e-95,2.6857e+25,2.10694e-52,1.04024e-95,2.08078e+25,1.12913e-42,4.14592e-38,1.30235e-90,8.17164e-43,3.45302e-86,6.56263e-43,5.15817e-62,3.45301e-86,2.33152e-57,9.35303e-67,3.66964e-62,2.17431e-76,1.24557e-47,8.54737e-72,8.22585e-67,2.4226e-52,1.30439e-76,1.65425e-47,8.24024e-67,5.59943e-67,1.31176e-71,1.17741e-47,2.90777e-33,1.89693e-52,1.17741e-47,1.30372e-76,1.31176e-71,7.41022e-38,2.90965e-33,8.52792e-96,2.80471e+25,4.17633e-62,8.52244e-96,1.30068e-90,9.16883e-72,7.97703e-72,1.30043e-90,4.47266e-33
[1;5] Imag,2.14322e-312,1.08222e-312,1.061e-312,1.061e-312,1.03978e-312,1.08222e-312,1.061e-312,9.54898e-313,1.03978e-312,9.33678e-313,9.76118e-313,1.18832e-312,1.061e-312,2.14322e-312,1.08222e-312,1.061e-312,1.03978e-312,1.01856e-312,1.03978e-312,9.54898e-313,1.03978e-312,9.33678e-313,9.76118e-313,1.08222e-312,1.1671e-312,2.14322e-312,1.08222e-312,1.061e-312,1.03978e-312,1.01856e-312,1.20954e-312,1.18832e-312,9.54898e-313,1.03978e-312,9.33678e-313,9.76118e-313,1.061e-312,1.14588e-312,2.14322e-312,1.08222e-312,1.061e-312,1.03978e-312,1.03978e-312,1.18832e-312,1.061e-312,9.54898e-313,1.03978e-312,9.33678e-313,9.76118e-313,1.10344e-312,1.20954e-312,2.14322e-312,1.08222e-312,1.08222e-312,1.03978e-312,1.01856e-312,1.20954e-312,1.18832e-312,9.54898e-313,1.03978e-312,9.33678e-313,9.76118e-313,1.08222e-312,1.1671e-312,2.14322e-312
[2;1] Real,4.94066e-323,3.40905e-322,6.1986e-310,-1.09363e-07,6.79039e-313,1.46418e-312,1.61272e-312,0,1.061e-312,1.0326e-321,6.19878e-310,6.19878e-310,4.94066e-323,4.94066e-323,9.76118e-313,0,0,6.19878e-310,4.94066e-323,4.94066e-323,1.03978e-312,0,0,6.19878e-310,0,1.03978e-312,9.33678e-313,0,0,6.19878e-310,0,1.08222e-312,1.061e-312,0,1.02766e-321,1.77864e-322,6.1986e-310,-1.09363e-07,3.23791e-319,4.99006e-322,4.96251e+228,2.91812e+257,9.08985e+227,7.35035e+11,1.30874e+180,7.48231e+150,1.17364e+214,3.68415e+180,5.30485e+180,1.69637e+190,9.81844e-315,2.61855e-322,1.51338e-313,-1.09363e-07,9.97338e-313,2.4403e-312,0,3.40905e-322,1.08222e-312,1.12466e-312,6.79039e-313,2.14322e-312,2.29176e-312,5.30966e-310,5.30968e-310
[2;1] Imag,9.33678e-313,1.24949e-320,6.19878e-310,6.19878e-310,6.19878e-310,6.19878e-310,9.33678e-313,1.12466e-312,1.18832e-312,1.10344e-312,9.33678e-313,1.01856e-312,1.14588e-312,1.20954e-312,9.33678e-313,1.14588e-312,1.12466e-312,1.08222e-312,9.33678e-313,1.03978e-312,1.08222e-312,1.18832e-312,9.33678e-313,1.14588e-312,1.061e-312,1.08222e-312,9.33678e-313,1.061e-312,1.01856e-312,1.1671e-312,9.33678e-313,1.01856e-312,1.14588e-312,9.76118e-313,9.33678e-313,1.061e-312,1.01856e-312,9.76118e-313,9.33678e-313,1.08222e-312,1.10344e-312,9.76118e-313,9.33678e-313,1.12466e-312,1.18832e-312,9.76118e-313,9.33678e-313,1.14588e-312,1.061e-312,9.76118e-313,9.33678e-313,1.18832e-312,1.14588e-312,9.76118e-313,9.33678e-313,1.01856e-312,1.01856e-312,9.33678e-313,1.03978e-312,1.08222e-312,9.76118e-313,9.33678e-313,1.08222e-312,1.1671e-312,9.76118e-313
[2;2] Real,1.14588e-312,1.12466e-312,9.76118e-313,9.33678e-313,1.1671e-312,1.20954e-312,9.76118e-313,9.33678e-313,1.20954e-312,1.08222e-312,9.76118e-313,9.33678e-313,1.01856e-312,1.14588e-312,9.76118e-313,9.33678e-313,1.061e-312,1.01856e-312,9.76118e-313,9.33678e-313,1.08222e-312,1.10344e-312,9.76118e-313,9.33678e-313,1.12466e-312,1.18832e-312,9.76118e-313,9.33678e-313,1.14588e-312,1.061e-312,9.76118e-313,9.33678e-313,1.18832e-312,1.14588e-312,9.76118e-313,9.33678e-313,1.01856e-312,1.01856e-312,9.33678e-313,1.03978e-312,1.08222e-312,9.76118e-313,9.33678e-313,1.08222e-312,1.1671e-312,9.76118e-313,9.33678e-313,1.10344e-312,1.03978e-312,9.76118e-313,9.33678e-313,1.14588e-312,1.12466e-312,9.76118e-313,9.33678e-313,1.1671e-312,1.20954e-312,9.76118e-313,9.33678e-313,1.20954e-312,1.08222e-312,9.76118e-313,9.33678e-313,1.01856e-312,1.14588e-312
[2;2] Imag,9.54898e-313,1.03978e-312,9.33678e-313,9.76118e-313,1.14588e-312,2.14322e-312,1.08222e-312,1.061e-312,1.03978e-312,1.01856e-312,1.03978e-312,9.54898e-313,1.03978e-312,9.33678e-313,9.76118e-313,1.10344e-312,1.20954e-312,2.14322e-312,1.08222e-312,1.08222e-312,1.03978e-312,1.01856e-312,1.20954e-312,1.18832e-312,9.54898e-313,1.03978e-312,9.33678e-313,9.76118e-313,1.08222e-312,1.1671e-312,2.14322e-312,1.08222e-312,1.08222e-312,2.17389e-322,9.33678e-313,3.58198e-321,1.51338e-313,-1.09363e-07,6.79039e-313,2.31298e-312,2.18566e-312,1.01856e-312,1.01856e-312,1.01856e-312,1.08222e-312,1.1671e-312,1.08222e-312,1.1671e-312,9.54898e-313,1.061e-312,9.33678e-313,9.76118e-313,1.20954e-312,1.1671e-312,2.14322e-312,1.08222e-312,1.01856e-312,1.14588e-312,1.03978e-312,1.18832e-312,1.18832e-312,9.54898e-313,1.03978e-312,9.33678e-313,9.33678e-313
[2;3] Real,1.03978e-312,1.18832e-312,9.54898e-313,1.03978e-312,9.33678e-313,9.76118e-313,1.10344e-312,1.18832e-312,1.46418e-312,1.08222e-312,1.061e-312,1.03978e-312,1.01856e-312,1.20954e-312,1.18832e-312,9.54898e-313,1.03978e-312,9.33678e-313,9.76118e-313,1.10344e-312,1.061e-312,1.46418e-312,1.08222e-312,1.061e-312,1.03978e-312,1.01856e-312,1.061e-312,1.061e-312,9.54898e-313,1.03978e-312,9.33678e-313,9.76118e-313,1.14588e-312,1.46418e-312,1.08222e-312,1.061e-312,1.03978e-312,1.01856e-312,1.20954e-312,1.18832e-312,9.54898e-313,1.03978e-312,9.33678e-313,9.76118e-313,1.03978e-312,1.12466e-312,1.46418e-312,1.08222e-312,1.061e-312,1.03978e-312,1.01856e-312,1.03978e-312,9.54898e-313,1.03978e-312,9.33678e-313,9.76118e-313,1.14588e-312,1.46418e-312,1.08222e-312,1.061e-312,1.20954e-312,1.12466e-312,1.18832e-312,1.18832e-312,9.54898e-313
[2;3] Imag,1.14588e-312,1.18832e-312,9.54898e-313,1.03978e-312,9.33678e-313,9.76118e-313,1.14588e-312,1.03978e-312,2.14322e-312,1.08222e-312,1.08222e-312,1.03978e-312,1.01856e-312,1.061e-312,1.061e-312,9.54898e-313,1.03978e-312,9.33678e-313,9.76118e-313,1.14588e-312,1.03978e-312,9.54898e-313,1.03978e-312,9.33678e-313,9.76118e-313,1.10344e-312,1.061e-312,2.14322e-312,1.08222e-312,1.061e-312,2.17389e-322,1.03978e-312,9.33678e-313,1.061e-312,9.33678e-313,3.26577e-321,1.51338e-313,-1.09363e-07,6.79039e-313,2.14322e-312,2.29176e-312,1.03978e-312,1.03978e-312,1.08222e-312,1.10344e-312,9.54898e-313,1.03978e-312,9.33678e-313,9.76118e-313,1.01856e-312,1.12466e-312,2.14322e-312,1.08222e-312,1.061e-312,1.061e-312,1.03978e-312,1.08222e-312,1.061e-312,9.54898e-313,1.03978e-312,9.33678e-313,9.76118e-313,1.18832e-312,1.061e-312,2.14322e-312
[2;4] Real,1.20954e-312,1.12466e-312,1.18832e-312,1.18832e-312,9.54898e-313,1.03978e-312,9.33678e-313,9.76118e-313,1.08222e-312,1.1671e-312,2.14322e-312,1.08222e-312,1.061e-312,1.20954e-312,1.08222e-312,1.14588e-312,1.18832e-312,9.54898e-313,1.03978e-312,9.33678e-313,9.76118e-313,1.14588e-312,1.03978e-312,2.14322e-312,1.08222e-312,1.08222e-312,1.03978e-312,1.061e-312,1.20954e-312,1.10344e-312,9.54898e-313,1.03978e-312,9.33678e-313,9.76118e-313,1.14588e-312,1.03978e-312,9.54898e-313,1.03978e-312,9.33678e-313,9.76118e-313,1.14588e-312,1.03978e-312,2.14322e-312,1.08222e-312,1.061e-312,1.03978e-312,1.01856e-312,1.061e-312,1.061e-312,9.54898e-313,1.03978e-312,9.33678e-313,9.76118e-313,1.03978e-312,1.12466e-312,2.14322e-312,1.08222e-312,1.061e-312,1.03978e-312,1.03978e-312,1.12466e-312,1.18832e-312,9.54898e-313,1.03978e-312,9.33678e-313
[2;4] Imag,9.33678e-313,9.33678e-313,9.33678e-313,9.33678e-313,9.33678e-313,9.33678e-313,9.33678e-313,9.33678e-313,9.33678e-313,9.33678e-313,9.33678e-313,9.33678e-313,9.33678e-313,9.33678e-313,9.33678e-313,9.33678e-313,9.33678e-313,2.122e-313,1.03978e-312,1.03978e-312,6.79039e-313,2.31298e-312,2.18566e-312,1.01856e-312,1.01856e-312,1.01856e-312,1.01856e-312,1.01856e-312,1.01856e-312,1.01856e-312,1.01856e-312,1.01856e-312,1.01856e-312,1.01856e-312,1.01856e-312,1.01856e-312,1.01856e-312,1.01856e-312,1.01856e-312,1.01856e-312,1.01856e-312,1.01856e-312,1.01856e-312,1.01856e-312,1.01856e-312,1.01856e-312,1.01856e-312,1.01856e-312,1.01856e-312,1.01856e-312,1.01856e-312,1.01856e-312,1.01856e-312,1.01856e-312,1.01856e-312,1.01856e-312,1.01856e-312,1.01856e-312,1.01856e-312,1.01856e-312,1.01856e-312,1.01856e-312,1.01856e-312,1.01856e-312,1.01856e-312
[2;5] Real,1.061e-312,2.14322e-312,1.10344e-312,9.33678e-313,9.76118e-313,1.10344e-312,1.061e-312,2.14322e-312,1.14588e-312,9.33678e-313,9.76118e-313,1.20954e-312,1.10344e-312,2.14322e-312,1.14588e-312,9.33678e-313,9.76118e-313,1.03978e-312,1.1671e-312,2.14322e-312,1.1671e-312,9.33678e-313,9.76118e-313,1.1671e-312,1.10344e-312,2.14322e-312,1.10344e-312,9.33678e-313,9.76118e-313,1.01856e-312,1.1671e-312,2.14322e-312,1.08222e-312,9.33678e-313,9.76118e-313,1.20954e-312,1.20954e-312,2.14322e-312,1.12466e-312,9.33678e-313,9.76118e-313,1.1671e-312,1.10344e-312,2.14322e-312,1.10344e-312,9.33678e-313,9.76118e-313,1.01856e-312,1.1671e-312,2.14322e-312,1.1671e-312,9.33678e-313,9.76118e-313,1.03978e-312,1.1671e-312,2.14322e-312,1.1671e-312,9.33678e-313,9.76118e-313,1.03978e-312,1.061e-312,2.14322e-312,1.08222e-312,9.33678e-313,9.76118e-313
[2;5] Imag,1.18832e-312,1.14588e-312,9.54898e-313,1.03978e-312,9.33678e-313,9.76118e-313,1.03978e-312,1.12466e-312,2.14322e-312,1.08222e-312,1.061e-312,1.03978e-312,1.01856e-312,1.18832e-312,1.14588e-312,9.54898e-313,1.03978e-312,9.33678e-313,9.76118e-313,1.03978e-312,1.12466e-312,2.14322e-312,1.08222e-312,1.061e-312,1.03978e-312,1.01856e-312,1.18832e-312,1.14588e-312,9.54898e-313,1.03978e-312,9.33678e-313,9.76118e-313,1.03978e-312,1.12466e-312,2.14322e-312,1.08222e-312,1.061e-312,1.03978e-312,1.01856e-312,1.18832e-312,1.14588e-312,9.54898e-313,1.03978e-312,9.33678e-313,9.76118e-313,1.03978e-312,1.12466e-312,2.14322e-312,1.08222e-312,1.061e-312,1.34386e-320,1.02173e-320,6.79039e-313,2.3342e-312,1.44296e-312,9.33678e-313,9.33678e-313,1.12466e-312,1.18832e-312,1.10344e-312,9.33678e-313,1.01856e-312,1.14588e-312,1.20954e-312,9.33678e-313
[3;1] Real,1.14588e-312,1.12466e-312,9.76118e-313,9.33678e-313,1.1671e-312,1.20954e-312,9.76118e-313,9.33678e-313,1.20954e-312,1.08222e-312,9.76118e-313,9.33678e-313,1.01856e-312,1.14588e-312,9.76118e-313,9.33678e-313,1.061e-312,1.01856e-312,9.76118e-313,9.33678e-313,1.08222e-312,1.10344e-312,9.76118e-313,9.33678e-313,1.12466e-312,1.18832e-312,9.76118e-313,9.33678e-313,1.14588e-312,1.061e-312,9.76118e-313,9.33678e-313,1.18832e-312,1.14588e-312,9.76118e-313,9.33678e-313,1.01856e-312,1.01856e-312,9.33678e-313,1.03978e-312,1.08222e-312,9.76118e-313,9.33678e-313,1.08222e-312,1.1671e-312,9.76118e-313,9.33678e-313,1.10344e-312,1.03978e-312,9.76118e-313,9.33678e-313,1.14588e-312,1.12466e-312,9.76118e-313,9.33678e-313,1.1671e-312,1.20954e-312,9.76118e-313,9.33678e-313,1.20954e-312,1.08222e-312,9.76118e-313,9.33678e-313,1.01856e-312,1.14588e-312
[3;1] Imag,1.01856e-312,2.14322e-312,1.08222e-312,1.061e-312,1.14588e-312,1.03978e-312,1.18832e-312,2.14322e-312,1.08222e-312,1.01856e-312,9.54898e-313,9.76118e-313,1.20954e-312,1.14588e-312,2.14322e-312,1.01856e-312,9.33678e-313,9.76118e-313,1.20954e-312,1.08222e-312,2.14322e-312,1.08222e-312,1.08222e-312,1.03978e-312,1.10344e-312,1.10344e-312,1.18832e-312,9.54898e-313,1.03978e-312,9.33678e-313,9.76118e-313,1.03978e-312,1.1671e-312,2.14322e-312,1.08222e-312,1.061e-312,1.01856e-312,1.03978e-312,1.01856e-312,1.03978e-312,9.54898e-313,1.03978e-312,9.33678e-313,9.76118e-313,1.08222e-312,1.14588e-312,9.54898e-313,1.061e-312,9.33678e-313,9.76118e-313,1.20954e-312,1.1671e-312,2.14322e-312,1.08222e-312,1.01856e-312,1.14588e-312,1.03978e-312,1.18832e-312,1.18832e-312,9.54898e-313,1.03978e-312,9.33678e-313,9.76118e-313,1.10344e-312,1.14588e-312
[3;2] Real,9.54898e-313,1.03978e-312,9.33678e-313,9.76118e-313,1.08222e-312,1.1671e-312,1.46418e-312,1.08222e-312,1.08222e-312,1.20954e-312,1.08222e-312,1.14588e-312,1.18832e-312,9.54898e-313,1.03978e-312,9.33678e-313,9.76118e-313,1.08222e-312,1.1671e-312,1.46418e-312,1.08222e-312,1.08222e-312,1.20954e-312,1.08222e-312,1.14588e-312,1.18832e-312,9.54898e-313,1.03978e-312,9.33678e-313,9.76118e-313,1.08222e-312,1.1671e-312,1.46418e-312,1.08222e-312,1.08222e-312,1.20954e-312,1.08222e-312,1.14588e-312,1.18832e-312,9.54898e-313,1.03978e-312,9.33678e-313,9.76118e-313,1.061e-312,1.46418e-312,1.08222e-312,1.08222e-312,1.03978e-312,1.01856e-312,1.20954e-312,1.18832e-312,9.54898e-313,1.03978e-312,9.33678e-313,9.76118e-313,1.08222e-312,1.1671e-312,1.46418e-312,1.08222e-312,1.061e-312,1.14588e-312,1.1671e-312,1.01856e-312,1.20954e-312,9.54898e-313
[3;2] Imag,1.061e-312,9.54898e-313,1.03978e-312,9.33678e-313,9.76118e-313,1.10344e-312,1.061e-312,2.14322e-312,1.08222e-312,1.061e-312,1.03978e-312,1.01856e-312,1.061e-312,1.061e-312,9.54898e-313,1.03978e-312,9.33678e-313,9.76118e-313,1.03978e-312,1.12466e-312,2.14322e-312,1.08222e-312,1.061e-312,1.20954e-312,1.12466e-312,1.18832e-312,1.18832e-312,9.54898e-313,1.03978e-312,9.33678e-313,1.08222e-312,2.14322e-312,1.08222e-312,1.061e-312,9.33678e-313,3.26577e-321,1.51338e-313,-1.09363e-07,6.79039e-313,2.14322e-312,2.29176e-312,1.03978e-312,1.03978e-312,1.08222e-312,1.10344e-312,9.54898e-313,1.03978e-312,9.33678e-313,9.76118e-313,1.01856e-312,1.12466e-312,2.14322e-312,1.08222e-312,1.061e-312,1.061e-312,1.03978e-312,1.08222e-312,1.061e-312,9.54898e-313,1.03978e-312,9.33678e-313,9.76118e-313,1.18832e-312,1.061e-312,2.14322e-312
[3;3] Real,9.64762e-48,1.30091e-90,3.50292e-33,2.24564e-57,1.30043e-90,9.50988e-43,6.32179e-43,1.30043e-90,4.27781e-33,5.22926e-67,1.30043e-90,2.10856e-52,4.14592e-38,1.30187e-90,1.89975e-52,5.23289e-67,1.52798e-52,4.9075e-62,3.45303e-86,2.33152e-57,6.01036e-67,4.25734e-86,1.00138e-47,7.70924e-43,3.45301e-86,2.33151e-57,1.2001e-71,3.45301e-86,1.52798e-52,1.08464e-42,3.85518e-86,1.00138e-47,1.52032e-47,3.6541e-86,1.89693e-52,4.01645e-57,1.30372e-76,2.62858e-52,6.81445e-38,8.54406e-72,7.484e-67,9.3501e-67,3.66964e-62,2.17431e-76,3.53543e-57,2.40556e-57,1.65425e-47,5.39558e-62,8.54848e-72,8.22585e-67,9.16889e-72,3.67012e-62,9.49602e-43,3.93801e-62,1.03318e-47,8.22585e-67,1.08691e-71,5.59943e-67,9.04761e-43,8.61659e-43,5.6045e-67,9.94444e-43,2.68334e+25,1.65645e-76,1.04006e-95
[3;3] Imag,1.14588e-312,1.03978e-312,2.14322e-312,1.08222e-312,1.061e-312,1.03978e-312,1.01856e-312,1.061e-312,1.061e-312,9.54898e-313,1.03978e-312,9.33678e-313,9.76118e-313,1.18832e-312,1.061e-312,2.14322e-312,1.08222e-312,1.061e-312,1.03978e-312,1.01856e-312,1.20954e-312,1.18832e-312,9.54898e-313,1.03978e-312,9.33678e-313,9.76118e-313,1.03978e-312,1.12466e-312,2.14322e-312,1.08222e-312,1.061e-312,1.03978e-312,1.061e-312,1.20954e-312,1.10344e-312,9.54898e-313,1.03978e-312,9.33678e-313,9.76118e-313,1.18832e-312,1.08222e-312,2.14322e-312,1.08222e-312,1.061e-312,1.20954e-312,1.12466e-312,1.18832e-312,1.18832e-312,9.54898e-313,1.03978e-312,9.33678e-313,9.76118e-313,1.08222e-312,1.1671e-312,2.14322e-312,1.08222e-312,1.061e-312,1.20954e-312,1.08222e-312,1.14588e-312,1.18832e-312,9.54898e-313,1.03978e-312,9.33678e-313,9.76118e-313
[3;4] Real,1.03978e-312,1.18832e-312,9.54898e-313,1.03978e-312,2.47033e-322,1.66253e-320,1.03978e-312,1.10344e-312,6.79039e-313,2.14322e-312,2.29176e-312,1.03978e-312,1.10344e-312,1.01856e-312,1.061e-312,9.54898e-313,1.03978e-312,9.33678e-313,9.76118e-313,1.14588e-312,1.03978e-312,2.14322e-312,1.08222e-312,1.061e-312,1.061e-312,1.03978e-312,1.061e-312,9.54898e-313,1.03978e-312,9.33678e-313,9.76118e-313,1.18832e-312,1.10344e-312,9.54898e-313,1.03978e-312,9.33678e-313,9.76118e-313,1.10344e-312,1.061e-312,2.14322e-312,1.08222e-312,1.061e-312,1.061e-312,1.10344e-312,1.061e-312,1.10344e-312,9.54898e-313,1.03978e-312,9.33678e-313,9.76118e-313,1.08222e-312,1.061e-312,9.54898e-313,1.03978e-312,9.33678e-313,9.76118e-313,1.14588e-312,1.14588e-312,2.14322e-312,1.08222e-312,1.061e-312,1.14588e-312,1.1671e-312,1.01856e-312,1.20954e-312
[3;4] Imag,0,0,0,0,0,0,0,0,0,0,0,0,0,0,0,0,0,0,0,0,0,0,0,0,0,0,0,0,0,0,0,0,0,0,0,0,0,0,0,0,0,0,0,0,0,0,0,0,0,0,0,0,0,0,0,0,0,0,0,0,0,0,0,0,0
[3;5] Real,1.18832e-312,9.54898e-313,1.03978e-312,9.33678e-313,9.76118e-313,1.14588e-312,1.1671e-312,2.14322e-312,1.08222e-312,1.03978e-312,1.03978e-312,1.12466e-312,1.08222e-312,1.18832e-312,9.54898e-313,1.03978e-312,9.33678e-313,1.03978e-312,1.01856e-312,1.08222e-312,1.08222e-312,9.54898e-313,1.1671e-312,1.14588e-312,1.1671e-312,1.01856e-312,1.20954e-312,9.54898e-313,1.03978e-312,9.33678e-313,9.76118e-313,1.10344e-312,1.061e-312,2.14322e-312,1.08222e-312,1.061e-312,1.061e-312,1.061e-312,1.03978e-312,1.14588e-312,9.54898e-313,1.03978e-312,9.33678e-313,9.76118e-313,1.08222e-312,1.1671e-312,2.14322e-312,1.08222e-312,1.061e-312,1.03978e-312,1.01856e-312,1.20954e-312,1.18832e-312,9.54898e-313,1.03978e-312,9.33678e-313,9.76118e-313,1.18832e-312,1.061e-312,2.14322e-312,1.08222e-312,1.061e-312,1.03978e-312,1.03978e-312,1.08222e-312
[3;5] Imag,1.20954e-312,1.12466e-312,1.18832e-312,1.18832e-312,9.54898e-313,1.03978e-312,9.33678e-313,9.76118e-313,1.08222e-312,1.1671e-312,2.14322e-312,1.08222e-312,1.061e-312,1.20954e-312,1.08222e-312,1.14588e-312,1.18832e-312,9.54898e-313,1.03978e-312,9.33678e-313,9.76118e-313,1.14588e-312,1.03978e-312,2.14322e-312,1.08222e-312,1.08222e-312,1.03978e-312,1.01856e-312,1.20954e-312,1.18832e-312,9.54898e-313,1.03978e-312,9.33678e-313,9.76118e-313,1.061e-312,1.14588e-312,2.14322e-312,1.08222e-312,1.061e-312,1.061e-312,1.03978e-312,1.08222e-312,1.061e-312,9.54898e-313,1.03978e-312,9.33678e-313,9.76118e-313,1.18832e-312,1.061e-312,2.14322e-312,1.08222e-312,1.061e-312,1.03978e-312,1.01856e-312,1.03978e-312,9.54898e-313,1.03978e-312,9.33678e-313,9.76118e-313,1.08222e-312,1.1671e-312,2.14322e-312,1.08222e-312,1.061e-312,1.03978e-312
[4;1] Real,1.061e-312,1.03978e-312,1.01856e-312,1.18832e-312,1.14588e-312,2.3641e-320,6.19878e-310,6.19878e-310,0,0,1.12466e-312,2.14322e-312,1.08222e-312,1.061e-312,1.03978e-312,1.01856e-312,1.18832e-312,1.14588e-312,9.54898e-313,1.03978e-312,9.33678e-313,9.76118e-313,1.03978e-312,1.12466e-312,2.14322e-312,1.08222e-312,1.061e-312,1.03978e-312,1.01856e-312,1.18832e-312,1.14588e-312,9.54898e-313,1.03978e-312,9.33678e-313,9.76118e-313,1.03978e-312,1.12466e-312,2.14322e-312,1.08222e-312,1.061e-312,1.03978e-312,1.01856e-312,1.18832e-312,1.14588e-312,9.54898e-313,1.03978e-312,9.33678e-313,9.76118e-313,1.03978e-312,1.12466e-312,2.14322e-312,1.08222e-312,1.061e-312,1.03978e-312,1.01856e-312,1.18832e-312,1.14588e-312,9.54898e-313,1.03978e-312,9.33678e-313,9.76118e-313,1.03978e-312,1.12466e-312,2.14322e-312,1.08222e-312
[4;1] Imag,2.14322e-312,1.08222e-312,1.01856e-312,1.14588e-312,1.1671e-312,3.32506e-321,6.19878e-310,6.19878e-310,1.03978e-312,9.33678e-313,9.76118e-313,1.08222e-312,1.061e-312,9.54898e-313,1.03978e-312,9.33678e-313,9.76118e-313,1.10344e-312,1.20954e-312,2.14322e-312,1.08222e-312,1.061e-312,1.20954e-312,1.08222e-312,1.14588e-312,1.18832e-312,9.54898e-313,1.03978e-312,9.33678e-313,9.76118e-313,1.08222e-312,1.1671e-312,2.14322e-312,1.08222e-312,1.08222e-312,1.03978e-312,1.03978e-312,1.10344e-312,1.14588e-312,9.54898e-313,1.03978e-312,9.33678e-313,9.76118e-313,1.18832e-312,1.08222e-312,2.14322e-312,1.08222e-312,1.061e-312,1.03978e-312,1.03978e-312,1.08222e-312,1.10344e-312,9.54898e-313,1.03978e-312,9.33678e-313,9.76118e-313,1.08222e-312,1.1671e-312,2.14322e-312,1.08222e-312,1.08222e-312,1.03978e-312,1.01856e-312,1.18832e-312,1.14588e-312
[4;2] Real,1.14588e-312,1.03978e-312,9.54898e-313,1.03978e-312,9.33678e-313,9.76118e-313,1.10344e-312,1.061e-312,2.14322e-312,1.08222e-312,1.061e-312,1.03978e-312,1.03978e-312,1.1671e-312,2.14322e-312,1.08222e-312,1.061e-312,1.20954e-312,1.08222e-312,1.14588e-312,1.18832e-312,9.54898e-313,1.03978e-312,9.33678e-313,9.76118e-313,1.14588e-312,1.03978e-312,2.14322e-312,1.08222e-312,1.08222e-312,1.03978e-312,1.01856e-312,1.20954e-312,1.18832e-312,9.54898e-313,1.03978e-312,9.33678e-313,9.76118e-313,1.14588e-312,2.14322e-312,1.08222e-312,1.061e-312,1.061e-312,1.03978e-312,1.08222e-312,1.061e-312,9.54898e-313,1.03978e-312,9.33678e-313,9.76118e-313,1.18832e-312,1.061e-312,2.14322e-312,1.08222e-312,1.061e-312,1.20954e-312,1.08222e-312,1.14588e-312,1.18832e-312,9.54898e-313,1.03978e-312,9.33678e-313,9.76118e-313,1.14588e-312,1.03978e-312
[4;2] Imag,1.03978e-312,9.33678e-313,9.76118e-313,1.061e-312,1.14588e-312,2.14322e-312,1.08222e-312,1.061e-312,1.20954e-312,1.1671e-312,1.03978e-312,1.18832e-312,9.54898e-313,1.03978e-312,9.33678e-313,9.76118e-313,1.08222e-312,1.1671e-312,2.14322e-312,1.08222e-312,1.08222e-312,1.03978e-312,1.03978e-312,1.1671e-312,2.14322e-312,1.08222e-312,1.061e-312,1.03978e-312,1.061e-312,1.20954e-312,1.10344e-312,9.54898e-313,1.03978e-312,9.33678e-313,9.76118e-313,1.14588e-312,1.03978e-312,2.14322e-312,1.08222e-312,1.08222e-312,1.20954e-312,1.08222e-312,1.14588e-312,1.18832e-312,9.54898e-313,1.03978e-312,9.33678e-313,9.76118e-313,1.01856e-312,1.12466e-312,2.14322e-312,1.08222e-312,1.061e-312,1.03978e-312,1.01856e-312,1.061e-312,1.061e-312,9.54898e-313,1.03978e-312,9.33678e-313,9.76118e-313,1.14588e-312,1.03978e-312,2.14322e-312,1.08222e-312
[4;3] Real,1.03978e-312,1.12466e-312,1.20954e-312,1.14588e-312,9.54898e-313,1.03978e-312,9.33678e-313,9.76118e-313,1.12466e-312,1.08222e-312,2.14322e-312,1.08222e-312,1.061e-312,1.061e-312,1.03978e-312,1.061e-312,9.54898e-313,1.03978e-312,9.33678e-313,9.76118e-313,1.18832e-312,1.061e-312,2.14322e-312,1.08222e-312,1.061e-312,1.03978e-312,1.03978e-312,1.10344e-312,1.14588e-312,9.54898e-313,1.03978e-312,9.33678e-313,9.76118e-313,1.20954e-312,1.08222e-312,2.14322e-312,1.08222e-312,1.08222e-312,1.061e-312,1.03978e-312,1.08222e-312,1.061e-312,9.54898e-313,1.03978e-312,9.33678e-313,9.76118e-313,1.20954e-312,1.1671e-312,2.14322e-312,1.08222e-312,1.061e-312,1.03978e-312,1.20954e-312,1.03978e-312,1.061e-312,9.54898e-313,1.03978e-312,9.33678e-313,9.76118e-313,1.12466e-312,1.20954e-312,2.14322e-312,1.08222e-312,1.061e-312,1.03978e-312
[4;3] Imag,1.08222e-312,1.061e-312,1.20954e-312,1.1671e-312,1.03978e-312,1.18832e-312,9.54898e-313,1.03978e-312,9.33678e-313,9.76118e-313,1.08222e-312,1.1671e-312,2.14322e-312,1.08222e-312,1.061e-312,1.03978e-312,1.061e-312,1.20954e-312,1.10344e-312,9.54898e-313,1.03978e-312,9.33678e-313,9.76118e-313,1.18832e-312,1.061e-312,2.14322e-312,1.08222e-312,1.061e-312,1.20954e-312,1.1671e-312,1.03978e-312,1.18832e-312,9.54898e-313,1.03978e-312,9.33678e-313,9.76118e-313,1.14588e-312,1.03978e-312,9.54898e-313,1.03978e-312,9.33678e-313,9.76118e-313,1.08222e-312,1.1671e-312,2.14322e-312,1.08222e-312,1.061e-312,1.03978e-312,1.03978e-312,1.1671e-312,2.14322e-312,1.08222e-312,1.061e-312,1.03978e-312,1.061e-312,1.20954e-312,1.10344e-312,9.54898e-313,1.03978e-312,9.33678e-313,9.76118e-313,1.14588e-312,2.14322e-312,1.08222e-312,1.061e-312
[4;4] Real,1.061e-312,1.03978e-312,1.03978e-312,1.18832e-312,1.061e-312,9.54898e-313,1.03978e-312,9.33678e-313,9.76118e-313,1.18832e-312,1.08222e-312,2.14322e-312,1.08222e-312,1.061e-312,1.20954e-312,1.12466e-312,1.18832e-312,1.18832e-312,9.54898e-313,1.03978e-312,9.33678e-313,9.76118e-313,1.08222e-312,1.1671e-312,2.14322e-312,1.08222e-312,1.061e-312,1.20954e-312,1.08222e-312,1.14588e-312,1.18832e-312,9.54898e-313,1.03978e-312,9.33678e-313,9.76118e-313,1.14588e-312,1.03978e-312,2.14322e-312,1.08222e-312,1.08222e-312,1.03978e-312,1.061e-312,1.20954e-312,1.10344e-312,9.54898e-313,1.03978e-312,9.33678e-313,9.76118e-313,1.14588e-312,1.03978e-312,9.54898e-313,1.03978e-312,9.33678e-313,9.76118e-313,1.14588e-312,1.03978e-312,2.14322e-312,1.08222e-312,1.061e-312,1.03978e-312,1.01856e-312,1.061e-312,1.061e-312,9.54898e-313,1.03978e-312
[4;4] Imag,9.33678e-313,9.76118e-313,1.20954e-312,1.1671e-312,2.14322e-312,1.08222e-312,1.061e-312,1.03978e-312,1.20954e-312,1.03978e-312,1.061e-312,9.54898e-313,1.03978e-312,9.33678e-313,9.76118e-313,1.12466e-312,1.20954e-312,2.14322e-312,1.08222e-312,1.061e-312,1.03978e-312,1.20954e-312,1.08222e-312,1.14588e-312,9.54898e-313,1.03978e-312,9.33678e-313,9.76118e-313,1.10344e-312,1.01856e-312,2.14322e-312,1.08222e-312,1.061e-312,1.061e-312,1.01856e-312,1.18832e-312,1.10344e-312,9.54898e-313,1.03978e-312,9.33678e-313,9.76118e-313,1.061e-312,2.14322e-312,1.08222e-312,1.08222e-312,1.03978e-312,1.03978e-312,1.08222e-312,1.10344e-312,9.54898e-313,1.03978e-312,9.33678e-313,9.76118e-313,1.18832e-312,1.061e-312,2.14322e-312,1.08222e-312,1.061e-312,1.14588e-312,1.1671e-312,1.01856e-312,1.20954e-312,9.54898e-313,1.03978e-312,9.33678e-313
[4;5] Real,9.54898e-313,1.03978e-312,9.33678e-313,9.76118e-313,1.14588e-312,2.14322e-312,1.08222e-312,1.061e-312,1.061e-312,1.03978e-312,1.08222e-312,1.061e-312,9.54898e-313,1.03978e-312,9.33678e-313,9.76118e-313,1.18832e-312,1.061e-312,2.14322e-312,1.08222e-312,1.061e-312,1.03978e-312,1.01856e-312,1.03978e-312,9.54898e-313,1.03978e-312,9.33678e-313,9.76118e-313,1.1671e-312,1.18832e-312,2.14322e-312,1.08222e-312,1.061e-312,1.03978e-312,1.01856e-312,1.20954e-312,1.18832e-312,9.54898e-313,1.03978e-312,9.33678e-313,9.76118e-313,1.08222e-312,1.1671e-312,2.14322e-312,1.08222e-312,1.08222e-312,1.03978e-312,1.01856e-312,1.03978e-312,9.54898e-313,1.03978e-312,9.33678e-313,9.76118e-313,1.08222e-312,1.1671e-312,2.14322e-312,1.08222e-312,1.08222e-312,1.08222e-312,1.061e-312,1.12466e-312,1.1671e-312,9.54898e-313,1.061e-312,9.33678e-313
[4;5] Imag,1.12466e-312,1.18832e-312,9.54898e-313,1.03978e-312,9.33678e-313,9.76118e-313,1.08222e-312,1.1671e-312,2.14322e-312,1.08222e-312,1.061e-312,1.061e-312,1.03978e-312,1.08222e-312,1.061e-312,9.54898e-313,1.03978e-312,9.33678e-313,9.76118e-313,1.18832e-312,1.061e-312,2.14322e-312,1.08222e-312,1.061e-312,1.03978e-312,1.01856e-312,1.03978e-312,9.54898e-313,1.03978e-312,9.33678e-313,9.76118e-313,1.08222e-312,1.1671e-312,2.14322e-312,1.08222e-312,1.061e-312,1.03978e-312,1.01856e-312,1.18832e-312,1.14588e-312,9.54898e-313,1.03978e-312,9.33678e-313,9.76118e-313,1.14588e-312,2.14322e-312,1.08222e-312,1.061e-312,1.03978e-312,1.01856e-312,1.03978e-312,9.54898e-313,1.03978e-312,9.33678e-313,9.76118e-313,1.10344e-312,1.20954e-312,2.14322e-312,1.08222e-312,1.08222e-312,1.03978e-312,1.01856e-312,1.20954e-312,1.18832e-312,9.54898e-313
[5;1] Real,2.14322e-312,1.08222e-312,1.08222e-312,1.20954e-312,1.08222e-312,1.14588e-312,1.18832e-312,9.54898e-313,1.03978e-312,9.33678e-313,9.76118e-313,1.10344e-312,1.18832e-312,2.14322e-312,1.08222e-312,1.061e-312,1.03978e-312,1.03978e-312,1.10344e-312,1.14588e-312,9.54898e-313,1.03978e-312,9.33678e-313,9.76118e-313,1.14588e-312,1.03978e-312,2.14322e-312,1.08222e-312,1.08222e-312,1.20954e-312,1.08222e-312,1.14588e-312,1.18832e-312,9.54898e-313,1.03978e-312,9.33678e-313,9.76118e-313,1.14588e-312,1.03978e-312,9.54898e-313,1.03978e-312,9.33678e-313,9.76118e-313,1.01856e-312,1.12466e-312,2.14322e-312,1.08222e-312,1.061e-312,1.20954e-312,1.1671e-312,1.03978e-312,1.18832e-312,9.54898e-313,1.03978e-312,9.33678e-313,9.76118e-313,1.08222e-312,1.1671e-312,2.14322e-312,1.08222e-312,1.08222e-312,1.03978e-312,1.061e-312,1.20954e-312,1.10344e-312
[5;1] Imag,1.18832e-312,9.54898e-313,1.03978e-312,9.33678e-313,9.76118e-313,1.08222e-312,1.1671e-312,2.14322e-312,1.08222e-312,1.08222e-312,1.93102e-312,1.25198e-312,1.97346e-312,1.74004e-312,2.05834e-312,9.33678e-313,9.76118e-313,1.08222e-312,1.1671e-312,2.14322e-312,1.08222e-312,1.061e-312,1.03978e-312,1.03978e-312,1.18832e-312,1.061e-312,9.54898e-313,1.03978e-312,9.33678e-313,9.76118e-313,1.10344e-312,1.20954e-312,2.14322e-312,1.08222e-312,1.08222e-312,1.03978e-312,1.01856e-312,1.20954e-312,1.18832e-312,9.54898e-313,1.03978e-312,9.33678e-313,9.76118e-313,1.08222e-312,1.1671e-312,2.14322e-312,1.08222e-312,1.08222e-312,1.20954e-312,1.1671e-312,1.03978e-312,1.18832e-312,9.54898e-313,1.03978e-312,9.33678e-313,9.76118e-313,1.01856e-312,1.10344e-312,2.14322e-312,1.08222e-312,1.061e-312,1.03978e-312,1.03978e-312,1.18832e-312,1.061e-312
[5;2] Real,1.1671e-312,2.14322e-312,1.08222e-312,1.061e-312,1.061e-312,1.03978e-312,1.08222e-312,1.061e-312,9.54898e-313,1.03978e-312,9.33678e-313,9.76118e-313,1.18832e-312,1.061e-312,2.14322e-312,1.08222e-312,1.061e-312,1.03978e-312,1.01856e-312,1.061e-312,1.061e-312,9.54898e-313,1.03978e-312,9.33678e-313,9.76118e-313,1.01856e-312,1.12466e-312,2.14322e-312,1.08222e-312,1.061e-312,1.03978e-312,1.03978e-312,1.1671e-312,2.14322e-312,1.08222e-312,1.061e-312,1.03978e-312,1.01856e-312,1.20954e-312,1.18832e-312,9.54898e-313,1.03978e-312,9.33678e-313,9.76118e-313,1.18832e-312,1.08222e-312,2.14322e-312,1.08222e-312,1.061e-312,1.20954e-312,1.12466e-312,1.18832e-312,1.18832e-312,9.54898e-313,1.03978e-312,9.33678e-313,9.76118e-313,1.08222e-312,1.1671e-312,2.14322e-312,1.08222e-312,1.061e-312,1.20954e-312,1.08222e-312,1.14588e-312
[5;2] Imag,6.75798e-67,7.9792e-72,5.20461e-90,4.755e-38,6.3798e-67,7.11404e-38,3.45301e-86,3.5728e-62,5.93852e-38,8.98516e-96,3.92514e+179,3.67344e-62,1.0854e-71,9.74152e-72,7.98031e-72,1.0854e-71,1.14394e-71,7.9792e-72,5.20268e-90,4.755e-38,6.3798e-67,6.82475e-38,3.45301e-86,3.57281e-62,3.11924e-33,8.51699e-96,2.95006e+179,1.57773e-52,1.0854e-71,1.13001e-42,2.71518e-33,5.20845e-90,1.58608e-47,4.18107e-62,6.74933e-67,3.45301e-86,1.0854e-71,1.14394e-71,7.9792e-72,5.20268e-90,1.10711e-47,7.9792e-72,5.20845e-90,1.17553e-47,8.51699e-96,3.59969e+179,5.59943e-67,1.0854e-71,4.66151e-33,3.63219e+130,2.05865e+161,2.78985e+179,1.57773e-52,1.0854e-71,1.13001e-42,2.71518e-33,5.20845e-90,1.58608e-47,4.18107e-62,3.21804e-57,3.45301e-86,6.3798e-67,6.75076e-67,3.45301e-86,3.5728e-62
[5;3] Real,1.0854e-71,2.78985e+179,1.57773e-52,1.0854e-71,1.13001e-42,2.71518e-33,5.20845e-90,1.58608e-47,4.18107e-62,3.38108e-57,3.45301e-86,1.0854e-71,7.12311e-67,7.9792e-72,5.20268e-90,1.10711e-47,7.9792e-72,5.20845e-90,1.57009e-76,6.3798e-67,6.82475e-38,3.45301e-86,6.3798e-67,7.41136e-38,3.45302e-86,3.57281e-62,1.31371e-47,8.98516e-96,3.92132e+179,8.54406e-72,1.0854e-71,2.62978e-52,5.22925e-67,5.20268e-90,4.755e-38,6.3798e-67,5.20173e-90,3.93325e-62,6.3798e-67,1.82465e+44,4.755e-38,6.3798e-67,5.20173e-90,1.57009e-76,6.3798e-67,2.7905e+179,1.30372e-76,1.0854e-71,5.88743e-62,2.71518e-33,5.20846e-90,3.93325e-62,6.3798e-67,6.82131e-38,5.06163e-86,3.57281e-62,8.9719e-67,8.51699e-96,5.20174e-90,2.737e-57,6.3798e-67,6.74933e-67,3.45301e-86,6.3798e-67,6.82475e-38
[5;3] Imag,5.20173e-90,3.93325e-62,6.3798e-67,1.4519e-47,3.45301e-86,3.5728e-62,2.10815e-52,8.51699e-96,3.9264e+179,1.30372e-76,1.0854e-71,9.95482e-43,2.71556e-33,5.20843e-90,2.737e-57,6.3798e-67,6.75076e-67,3.45301e-86,3.5728e-62,1.25581e-71,3.45301e-86,3.57281e-62,5.05116e-38,8.51699e-96,3.92514e+179,1.57773e-52,1.0854e-71,1.13001e-42,2.71518e-33,5.20845e-90,1.58608e-47,4.18107e-62,3.21804e-57,3.45301e-86,3.5728e-62,4.90843e-62,8.51699e-96,2.94941e+179,1.30372e-76,1.0854e-71,1.13001e-42,7.9792e-72,5.20652e-90,1.57009e-76,6.3798e-67,7.12895e-67,5.06163e-86,3.57281e-62,8.20797e+140,3.65427e-86,3.5728e-62,8.9719e-67,8.51699e-96,2.94941e+179,5.59943e-67,1.0854e-71,6.75798e-67,7.9792e-72,5.20845e-90,5.04888e-38,6.3798e-67,7.41136e-38,3.45302e-86,3.57281e-62,1.31371e-47
[5;4] Real,3.5728e-62,3.11924e-33,8.51699e-96,3.27486e+179,1.57773e-52,1.0854e-71,1.13001e-42,2.71518e-33,5.20845e-90,1.58608e-47,4.18107e-62,7.11404e-38,3.65409e-86,3.5728e-62,8.9719e-67,8.51699e-96,3.5728e-62,9.63698e+140,3.45319e-86,6.3798e-67,6.82475e-38,3.45301e-86,3.57281e-62,7.10942e-38,8.51699e-96,3.5728e-62,5.93852e-38,8.98516e-96,3.92514e+179,3.67344e-62,1.0854e-71,9.74152e-72,7.98031e-72,5.20268e-90,4.755e-38,6.3798e-67,6.75076e-67,3.45301e-86,3.5728e-62,1.25581e-71,3.45301e-86,3.5728e-62,2.89817e-57,8.51699e-96,2.95006e+179,8.54406e-72,1.0854e-71,4.66151e-33,7.98031e-72,5.20845e-90,4.66254e-62,4.18107e-62,5.05234e-38,3.45302e-86,3.5728e-62,9.95129e-43,5.22925e-67,5.20268e-90,4.755e-38,6.3798e-67,5.20173e-90,1.57009e-76,6.3798e-67,6.74933e-67,3.45301e-86
[5;4] Imag,3.5728e-62,3.11924e-33,8.51699e-96,5.20174e-90,3.93325e-62,6.3798e-67,7.12895e-67,5.06163e-86,3.57281e-62,3.69551e-33,8.51699e-96,3.92513e+179,6.77631e-43,1.0854e-71,6.75798e-67,7.9792e-72,3.5728e-62,4.90843e-62,8.51699e-96,2.94941e+179,1.30372e-76,1.0854e-71,1.13001e-42,7.9792e-72,1.0854e-71,2.62978e-52,7.9792e-72,5.2046e-90,1.53994e-71,8.038e-72,5.20268e-90,3.37426e-57,4.18107e-62,6.82475e-38,5.06163e-86,3.57281e-62,1.25736e-71,8.98516e-96,2.94941e+179,8.54406e-72,6.3798e-67,6.75076e-67,3.45301e-86,3.5728e-62,8.9719e-67,8.51699e-96,2.94814e+179,5.59943e-67,1.0854e-71,3.06124e-57,7.9792e-72,5.20459e-90,1.68932e-52,6.3798e-67,6.82131e-38,5.06163e-86,3.57281e-62,8.9719e-67,8.51699e-96,5.20174e-90,2.737e-57,6.3798e-67,6.74933e-67,3.45301e-86,6.3798e-67
[5;5] Real
[5;5] Imag
